{"cameraMode":{"drawMode":0,"name":"Shaded","section":"Shading Mode"},"sceneLighting":false,"audioPlay":false,"sceneViewState":{"showFog":true,"showMaterialUpdate":false,"showSkybox":false,"showFlares":true,"showImageEffects":true,"showParticleSystems":true},"in2DMode":false,"pivot":{"x":0.16620749235153199,"y":0.45520782470703127,"z":0.03758382797241211},"rotation":{"x":-0.19582179188728333,"y":0.28001001477241518,"z":-0.058451827615499499,"w":-0.9379934668540955},"size":2.8578836917877199,"orthographic":false}